Production Center,Expt'l Set,Stud Source,Dam Source,Category,Sample Name,Target,Sex,#gRNAs,gRNA1,Location1,Strand1,MIT_Score1,CFD_Score1,Total_Off-targets1,Off-target_Profile1,Off-target_Profile_Seed1,gRNA2,Location2,Strand2,MIT_Score2,CFD_Score2,Total_Off-targets2,Off-target_Profile2,Off-target_Profile_Seed2,gRNA3,Location3,Strand3,MIT_Score3,CFD_Score3,Total_Off-targets3,Off-target_Profile3,Off-target_Profile_Seed3,gRNA4,Location4,Strand4,MIT_Score4,CFD_Score4,Total_Off-targets4,Off-target_Profile4,Off-target_Profile_Seed4
,,,,4491,Irgq_gRNA_U5,Irgq,,,GCGGACTTTCCCGAGCCGGG,chr7:24531428-24531450,,,,,,,,,,,,,,,,,,,,,,,,,,,,,
,,,,4492,Irgq_gRNA_U3,Irgq,,,GCCCTGATCGCCGCGTTATG,,,,,,,,,,,,,,,,,,,,,,,,,,,,,,,
,,,,4493,Irgq_gRNA_D5,Irgq,,,CCACCGCACACCTCATTGGT,,,,,,,,,,,,,,,,,,,,,,,,,,,,,,,
,,,,4494,Irgq_gRNA_D3,Irgq,,,CGATTTCCTAGGTACTGAAT,,,,,,,,,,,,,,,,,,,,,,,,,,,,,,,
,,,,4485,Irx1_gRNA_U,Irx1,,,TGGTGAATCAAGTGCCCCCA,,,,,,,,,,,,,,,,,,,,,,,,,,,,,,,
,,,,4486,Irx1_gRNA_D,Irx1,,,TCCAAGGGCTTGTTCCACGG,,,,,,,,,,,,,,,,,,,,,,,,,,,,,,,
,,,,4508,Irx4_gRNA_U,Irx4,,,AATGGGGTGCCTGTAGATCA,,,,,,,,,,,,,,,,,,,,,,,,,,,,,,,
,,,,4509,Irx4_gRNA_D,Irx4,,,AGGTCCACCAGCCTTACGGT,,,,,,,,,,,,,,,,,,,,,,,,,,,,,,,
,,,,2120,Itm2c_E2g1,Itm2c,,,CCTTTCCGGGAGCGGTGGCG,,,,,,,,,,,,,,,,,,,,,,,,,,,,,,,
,,,,4468,Kars_gRNA_U,Kars,,,GAAGAGCAGAGCATCTGCCG,,,,,,,,,,,,,,,,,,,,,,,,,,,,,,,
,,,,4469,Kars_gRNA_D,Kars,,,CCAGATGGACGGCGCCACAC,,,,,,,,,,,,,,,,,,,,,,,,,,,,,,,
,,,,,Kbtbd4_gRNA,Kbtbd4,,,GGTCCATCCCACGACGCATG,,,,,,,,,,,,,,,,,,,,,,,,,,,,,,,
,,,,4891,L2hgdh_gRNA_U5,L2hgdh,,,ATCAGATACTTAAGTTCTGC,,,,,,,,,,,,,,,,,,,,,,,,,,,,,,,
,,,,4893,L2hgdh_gRNA_D5,L2hgdh,,,GGGAACCTGCTTATTTTGTC,,,,,,,,,,,,,,,,,,,,,,,,,,,,,,,
,,,,4894,L2hgdh_gRNA_D3,L2hgdh,,,GGAATAGCATAGTGCTCCTC,,,,,,,,,,,,,,,,,,,,,,,,,,,,,,,
,,,,3438,L3mbtl3_gRNA_U,L3mbtl3,,,TCCAAGATTGACGTGTAgat,,,,,,,,,,,,,,,,,,,,,,,,,,,,,,,
,,,,3439,L3mbtl3_gRNA_D,L3mbtl3,,,GAAGGCACTACATCTAATGC,,,,,,,,,,,,,,,,,,,,,,,,,,,,,,,
,,,,2267,L3mbtl4_3HA_gRNA1,L3mbtl4,,,CCCTATAAATGATACCACAC,,,,,,,,,,,,,,,,,,,,,,,,,,,,,,,
,,,,2266,L3mbtl4_5HA_gRNA1,L3mbtl4,,,CGTACATATATACTTTAGGC,,,,,,,,,,,,,,,,,,,,,,,,,,,,,,,
,,,,4826,Lbr_gRNA_U5,Lbr,,,ACCCTCCAAGCTCGCAGAGC,,,,,,,,,,,,,,,,,,,,,,,,,,,,,,,
,,,,4827,Lbr_gRNA_U3,Lbr,,,CAGCGCACTCGGGTCCGGTG,,,,,,,,,,,,,,,,,,,,,,,,,,,,,,,
,,,,4828,Lbr_gRNA_D5,Lbr,,,GTAGGTATTAGAAGCCCATT,,,,,,,,,,,,,,,,,,,,,,,,,,,,,,,
,,,,4829,Lbr_gRNA_D3,Lbr,,,GCACAACTGGGGTGGTACAT,,,,,,,,,,,,,,,,,,,,,,,,,,,,,,,
,,,,4424,Matr3_gRNA_SC,Matr3,,,TTGCAGTCTATATTTAACAT,,,,,,,,,,,,,,,,,,,,,,,,,,,,,,,
,,,,4426,Matr3_gRNA_FC,Matr3,,,AGTAATATTTTGGCCAGCTT,,,,,,,,,,,,,,,,,,,,,,,,,,,,,,,
,,,,4382,Mcidas_gRNA_U5,Mcidas,,,CCATTCGAGAGGTAAGGATG,,,,,,,,,,,,,,,,,,,,,,,,,,,,,,,
,,,,4383,Mcidas_gRNA_U3,Mcidas,,,ACAGTAGGCTTGCCTTGGGC,,,,,,,,,,,,,,,,,,,,,,,,,,,,,,,
,,,,4384,Mcidas_gRNA_D5,Mcidas,,,GGGACAGACGTTAAGTAAAA,,,,,,,,,,,,,,,,,,,,,,,,,,,,,,,
,,,,4385,Mcidas_gRNA_D3,Mcidas,,,TTGCTTCAGGTTAGCTCAGC,,,,,,,,,,,,,,,,,,,,,,,,,,,,,,,
,,,,3558,Mettl3_gRNA_U,Mettl3,,,AGGTAGCAGGGACCATCGCA,,,,,,,,,,,,,,,,,,,,,,,,,,,,,,,
,,,,3559,Mettl3_gRNA_D,Mettl3,,,TATCTCCAGATCAACATCGG,,,,,,,,,,,,,,,,,,,,,,,,,,,,,,,
,,,,4111,Micalcl_gRNA_U3,Micalcl,,,CCCAAGGGGCTAGAACTTGC,,,,,,,,,,,,,,,,,,,,,,,,,,,,,,,
,,,,4112,Micalcl_gRNA_D5,Micalcl,,,AAAGTGTGAAACGTTGGTAC,,,,,,,,,,,,,,,,,,,,,,,,,,,,,,,
,,,,4318,Micalcl_gRNA_U5M,Micalcl,,,GTAGGTTGTTACAACCCTTT,,,,,,,,,,,,,,,,,,,,,,,,,,,,,,,
,,,,4711,Mir137_gRNA_CA,Mir137,,,GCTCTGCTTCATGCGGACTC,,,,,,,,,,,,,,,,,,,,,,,,,,,,,,,
,,,,4082,Mllt6_gRNA_U5,Mllt6,,,TCCTGTGACATTGCGTTTAC,,,,,,,,,,,,,,,,,,,,,,,,,,,,,,,
,,,,4083,Mllt6_gRNA_U3,Mllt6,,,CTGGACAGTACTGATCTGGA,,,,,,,,,,,,,,,,,,,,,,,,,,,,,,,
,,,,4084,Mllt6_gRNA_D5,Mllt6,,,GCCACGCCATGCTTAGGTCT,,,,,,,,,,,,,,,,,,,,,,,,,,,,,,,
,,,,4085,Mllt6_gRNA_D3,Mllt6,,,GGTAGGATGCTCCCACTCGG,,,,,,,,,,,,,,,,,,,,,,,,,,,,,,,
,,,,2121,Mpz_E5g1,Mpz,,,TCTTGCCCACTATGTCCGGT,,,,,,,,,,,,,,,,,,,,,,,,,,,,,,,
,,,,4086,Mrgprb2_gRNA_U5,Mrgprb2,,,AGGTGCTTAGATTCTTGATT,,,,,,,,,,,,,,,,,,,,,,,,,,,,,,,
,,,,4087,Mrgprb2_gRNA_U3,Mrgprb2,,,CATTTAGTCCCATCCCAACC,,,,,,,,,,,,,,,,,,,,,,,,,,,,,,,
,,,,4088,Mrgprb2_gRNA_D5,Mrgprb2,,,TTAGGCACCGAAGGTTCAGG,,,,,,,,,,,,,,,,,,,,,,,,,,,,,,,
,,,,4089,Mrgprb2_gRNA_D3,Mrgprb2,,,GAGTCTTCCGCCTGAACCTT,,,,,,,,,,,,,,,,,,,,,,,,,,,,,,,
,,,,4090,Mrgprx1_gRNA_U5,Mrgprx1,,,ACTACCCTGGTTGGACTGGC,,,,,,,,,,,,,,,,,,,,,,,,,,,,,,,
,,,,4091,Mrgprx1_gRNA_U3,Mrgprx1,,,GCAATCATCCCCTATATCTC,,,,,,,,,,,,,,,,,,,,,,,,,,,,,,,
,,,,4092,Mrgprx1_gRNA_D5,Mrgprx1,,,CCCTCTTAAGAACTCTTTTC,,,,,,,,,,,,,,,,,,,,,,,,,,,,,,,
,,,,4093,Mrgprx1_gRNA_D3,Mrgprx1,,,ATTGACAGTGCCAAGAAAGT,,,,,,,,,,,,,,,,,,,,,,,,,,,,,,,
,,,,2279,Mvk_3HA_gRNA16,Mvk,,,CCACAGCAGCCATTTCCTGG,,,,,,,,,,,,,,,,,,,,,,,,,,,,,,,
,,,,2278,Mvk_3HA_gRNA2,Mvk,,,AGCCTCACCAACACGGGCAA,,,,,,,,,,,,,,,,,,,,,,,,,,,,,,,
,,,,2276,Mvk_5HA_gRNA1,Mvk,,,ATAGGTGACTTAGCCTGACG,,,,,,,,,,,,,,,,,,,,,,,,,,,,,,,
,,,,2277,Mvk_5HA_gRNA8,Mvk,,,GGCAGACCTTGTGTCTACAT,,,,,,,,,,,,,,,,,,,,,,,,,,,,,,,
,,,,4732,Myb_gRNA_I9,Myb,,,TTATTCCCTTCACACGGGAC,,,,,,,,,,,,,,,,,,,,,,,,,,,,,,,
,,,,2159,Naa15_E3g1,Naa15,,,GCTTATGAATTGGTTCGCAG,,,,,,,,,,,,,,,,,,,,,,,,,,,,,,,
,,,,4484,Nanog_gRNA_D,Nanog,,,TATGAGACTTACGCAACATC,,,,,,,,,,,,,,,,,,,,,,,,,,,,,,,
,,,,4155,Ncl_gRNA_U5,Ncl,,,GCGCACCCATTAAGCATGCT,,,,,,,,,,,,,,,,,,,,,,,,,,,,,,,
,,,,4156,Ncl_gRNA_U3,Ncl,,,TAGAATGTACTTGGATCCCC,,,,,,,,,,,,,,,,,,,,,,,,,,,,,,,
,,,,4157,Ncl_gRNA_D5,Ncl,,,ACTGTACTTAAGGCCACGAG,,,,,,,,,,,,,,,,,,,,,,,,,,,,,,,
,,,,4158,Ncl_gRNA_D3,Ncl,,,AACTAAATCATCGAGTCATA,,,,,,,,,,,,,,,,,,,,,,,,,,,,,,,
,,,,2269,Ndufs2_3HA_gRNA1,Ndufs2,,,GTATACATCAAGGCGTGTGT,,,,,,,,,,,,,,,,,,,,,,,,,,,,,,,
,,,,2268,Ndufs2_5HA_gRNA2,Ndufs2,,,AACCGACTATCTAAAATGAT,,,,,,,,,,,,,,,,,,,,,,,,,,,,,,,
,,,,2236,Nek2_E3fs3,Nek2,,,CAGCAAACACAATGTCAAGC,,,,,,,,,,,,,,,,,,,,,,,,,,,,,,,
,,,,2237,Nek2_E3rs3,Nek2,,,GGTCCCGGTGAAGCACAGTG,,,,,,,,,,,,,,,,,,,,,,,,,,,,,,,
,,,,4895,Nelfa_gRNA_U5,Nelfa,,,TGCATGCAGCTTATGAGCTA,,,,,,,,,,,,,,,,,,,,,,,,,,,,,,,
,,,,4896,Nelfa_gRNA_U3,Nelfa,,,CATCTATCTATTACTAGCAG,,,,,,,,,,,,,,,,,,,,,,,,,,,,,,,
,,,,4897,Nelfa_gRNA_D5,Nelfa,,,GCCATGGCATACTACATCAA,,,,,,,,,,,,,,,,,,,,,,,,,,,,,,,
,,,,4898,Nelfa_gRNA_D3,Nelfa,,,TCGAGGTCACACACTCCTAC,,,,,,,,,,,,,,,,,,,,,,,,,,,,,,,
,,,,4571,Nfatc1_gRNA_GS,Nfatc1,,,AAGCGCAAGTACAGTCTCAA,,,,,,,,,,,,,,,,,,,,,,,,,,,,,,,
,,,,2015,Nhs_gRNA_FS1,Nhs,,,ACATCTTCCTCCCAGCGACC,,,,,,,,,,,,,,,,,,,,,,,,,,,,,,,
,,,,2016,Nhs_gRNA_RS1,Nhs,,,CTTGCTCTCGATGTCCAAGT,,,,,,,,,,,,,,,,,,,,,,,,,,,,,,,
,,,,2017,Nhs_gRNA1,Nhs,,,GTGTATACTACCGTGCACCA,,,,,,,,,,,,,,,,,,,,,,,,,,,,,,,
,,,,3123,Nlrp1b_gRNA_U,Nlrp1b,,,GCTGCAAGGGAGTCTTGTCC,,,,,,,,,,,,,,,,,,,,,,,,,,,,,,,
,,,,4159,Notum_gRNA_U5,Notum,,,CGCAAAAGGAACGCACAAGC,,,,,,,,,,,,,,,,,,,,,,,,,,,,,,,
,,,,4160,Notum_gRNA_U3,Notum,,,AGGGCTTGAGGATTCCGGTT,,,,,,,,,,,,,,,,,,,,,,,,,,,,,,,
,,,,4161,Notum_gRNA_D5,Notum,,,CCTGCCCTGTCTTAATGGGC,,,,,,,,,,,,,,,,,,,,,,,,,,,,,,,
,,,,4162,Notum_gRNA_D3,Notum,,,GTGCAAGAGGCCCTGCTAGG,,,,,,,,,,,,,,,,,,,,,,,,,,,,,,,
,,,,4809,Nsa2_gRNA,Nsa2,,,GTGCTCACAGGGCCCCATTC,,,,,,,,,,,,,,,,,,,,,,,,,,,,,,,
,,,,4577,Otc_gRNA_U3,Otc,,,AATGCTGTGGGGTAGTCCAT,,,,,,,,,,,,,,,,,,,,,,,,,,,,,,,
,,,,4578,Otc_gRNA_D5,Otc,,,TTGCAAACCAAGGGCCCTTT,,,,,,,,,,,,,,,,,,,,,,,,,,,,,,,
,,,,4579,Otc_gRNA_D3,Otc,,,AAGCAATTACCTTGCCTGTG,,,,,,,,,,,,,,,,,,,,,,,,,,,,,,,
,,,,4567,Otub1_gRNA_C,Otub1,,,AACTGCTTCTACCGAGCGTT,,,,,,,,,,,,,,,,,,,,,,,,,,,,,,,
,,,,4569,Otub1_gRNA_Td,Otub1,,,TGGGCTCACTCACCGTGTTG,,,,,,,,,,,,,,,,,,,,,,,,,,,,,,,
,,,,4805,Pax7_gRNA_KR,Pax7,,,GGTTCTTACCTTTGTCGCCC,,,,,,,,,,,,,,,,,,,,,,,,,,,,,,,
,,,,4807,Pax7_gRNA_3RK,Pax7,,,GGATGATGAGACCCGGCCCG,,,,,,,,,,,,,,,,,,,,,,,,,,,,,,,
,,,,3560,Pgbd1_gRNA_U,Pgbd1,,,GGAACAGGACATGCACCTAG,,,,,,,,,,,,,,,,,,,,,,,,,,,,,,,
,,,,3318,Poc5_gRNA_U,Poc5,,,TCGGGCTTATTGCCTTGAAG,,,,,,,,,,,,,,,,,,,,,,,,,,,,,,,
,,,,3319,Poc5_gRNA_D,Poc5,,,TTCCCGGCTCTTTTGACGGT,,,,,,,,,,,,,,,,,,,,,,,,,,,,,,,
,,,,2160,Pogz_E6g1,Pogz,,,CAGTTTGTTAAGCCGACAGT,,,,,,,,,,,,,,,,,,,,,,,,,,,,,,,
,,,,4310,Pole_gRNA_SF,Pole,,,AGCATCTGACACTGAGTAAG,,,,,,,,,,,,,,,,,,,,,,,,,,,,,,,
,,,,2123,Polr3a_E4FS1,Polr3a,,,AGAAGATCTCAGATAAATGC,,,,,,,,,,,,,,,,,,,,,,,,,,,,,,,
,,,,2124,Polr3a_E4RS1,Polr3a,,,CTCGCTTCTGCAGGTAGGTT,,,,,,,,,,,,,,,,,,,,,,,,,,,,,,,
,,,,2126,Polr3b_E6g6,Polr3b,,,TCATGTCCCTCAGACGGCAC,,,,,,,,,,,,,,,,,,,,,,,,,,,,,,,
,,,,4094,Prdm13_gRNA_U5,Prdm13,,,CTGAGCAGCTACTAGAGGCT,,,,,,,,,,,,,,,,,,,,,,,,,,,,,,,
,,,,4095,Prdm13_gRNA_U3,Prdm13,,,TGAGCCTGGCTGTGGCACAT,,,,,,,,,,,,,,,,,,,,,,,,,,,,,,,
,,,,4097,Prdm13_gRNA_D3,Prdm13,,,GCCTAGAGCTCATAAGCGAA,,,,,,,,,,,,,,,,,,,,,,,,,,,,,,,
,,,,4490,Prdm14_gRNA_U,Prdm14,,,CCGCAAAACTCAGCTTGCGA,,,,,,,,,,,,,,,,,,,,,,,,,,,,,,,
,,,,4323,Prdm5_iU,Prdm5,,,CGAAGCCAGTTGGAGTGTCT,,,,,,,,,,,,,,,,,,,,,,,,,,,,,,,
,,,,4324,Prdm5_iD,Prdm5,,,TGTTCACGAGGCACCATCTC,,,,,,,,,,,,,,,,,,,,,,,,,,,,,,,
,,,,3314,Psenen_gRNA_U,Psenen,,,TTGGTAAGGCCGGTCCCCTA,,,,,,,,,,,,,,,,,,,,,,,,,,,,,,,
,,,,3315,Psenen_gRNA_D,Psenen,,,AGAACTCACAGCCTTTGATT,,,,,,,,,,,,,,,,,,,,,,,,,,,,,,,
,,,,2282,Pstpip2_3HA_gRNA1,Pstpip2,,,GTACAGATTCATGGGCCCAC,,,,,,,,,,,,,,,,,,,,,,,,,,,,,,,
,,,,2283,Pstpip2_3HA_gRNA4,Pstpip2,,,GCAGGCGGGTGTGAAGCATC,,,,,,,,,,,,,,,,,,,,,,,,,,,,,,,
,,,,2280,Pstpip2_5HA_gRNA1,Pstpip2,,,TCCACATTTTGCTCGGCTCA,,,,,,,,,,,,,,,,,,,,,,,,,,,,,,,
,,,,2281,Pstpip2_5HA_gRNA9,Pstpip2,,,CTGCGTTTTACCTTCCCCAA,,,,,,,,,,,,,,,,,,,,,,,,,,,,,,,
,,,,4849,Ptch1_gRNA_TM,Ptch1,,,CACAATGATCCCGGCCGTCC,,,,,,,,,,,,,,,,,,,,,,,,,,,,,,,
,,,,4744,Ptchd1-as_gRNA_U,Gm15155,,,AGGTTAGCATTATACCACTG,,,,,,,,,,,,,,,,,,,,,,,,,,,,,,,
,,,,4745,Ptchd1-as_gRNA_D,Gm15155,,,GTCTCCACATTTACATACTC,,,,,,,,,,,,,,,,,,,,,,,,,,,,,,,
,,,,3320,Ptp4a1_gRNA_U,Ptp4a1,,,ATGCTACGTGTTATGTTGGG,,,,,,,,,,,,,,,,,,,,,,,,,,,,,,,
,,,,3321,Ptp4a1_gRNA_D,Ptp4a1,,,AGTCCTGTCCTGCATGCAGG,,,,,,,,,,,,,,,,,,,,,,,,,,,,,,,
,,,,4487,Qk_gRNA_U,Qk,,,TGCCTCAGCAAGATTTAAAC,,,,,,,,,,,,,,,,,,,,,,,,,,,,,,,
,,,,4488,Qk_gRNA_D,Qk,,,GGTTCAAGCTATGGATTCTG,,,,,,,,,,,,,,,,,,,,,,,,,,,,,,,
,,,,4734,Qk_gRNA_I4,Qk,,,AATAGATCCTACTTTGGGAG,,,,,,,,,,,,,,,,,,,,,,,,,,,,,,,
,,,,2161,Rab2a_E3g1,Rab2a,,,GCTCGGATGATAACGATTGA,,,,,,,,,,,,,,,,,,,,,,,,,,,,,,,
,,,,4627,Rab39b_gRNA_U,Rab39b,,,TGTCATCGGCGATTCCACGG,,,,,,,,,,,,,,,,,,,,,,,,,,,,,,,
,,,,4628,Rab39b_gRNA_M,Rab39b,,,CACCGAGGGCCGCTTTGCTC,,,,,,,,,,,,,,,,,,,,,,,,,,,,,,,
,,,,4629,Rab39b_gRNA_D,Rab39b,,,ACGCATCAAGCTCCAGATCT,,,,,,,,,,,,,,,,,,,,,,,,,,,,,,,
,,,,3436,Radil_gRNA_U,Radil,,,gagtttactctgacatacct,,,,,,,,,,,,,,,,,,,,,,,,,,,,,,,
,,,,3437,Radil_gRNA_D,Radil,,,CCCGTTGGCAGTGGTCTAGC,,,,,,,,,,,,,,,,,,,,,,,,,,,,,,,
,,,,2324,Raly_3HA_gRNA1,Raly,,,CCTCCTAGTTCTTGTAGAGT,,,,,,,,,,,,,,,,,,,,,,,,,,,,,,,
,,,,2325,Raly_3HA_gRNA7,Raly,,,GCAGTCAAAGTGTGAGACTT,,,,,,,,,,,,,,,,,,,,,,,,,,,,,,,
,,,,2322,Raly_5HA_gRNA3,Raly,,,ATCTATACTCAAATATAGTC,,,,,,,,,,,,,,,,,,,,,,,,,,,,,,,
,,,,2323,Raly_5HA_gRNA5,Raly,,,ATGTAAATGACTTTATTACC,,,,,,,,,,,,,,,,,,,,,,,,,,,,,,,
,,,,2162,Raly_E3g1,Raly,,,CTTTTCCAAGTACGGCCGAG,,,,,,,,,,,,,,,,,,,,,,,,,,,,,,,
,,,,2163,Ranbp17_E4g1,Ranbp17,,,AAAGGGCGCCAGCTTAGGTT,,,,,,,,,,,,,,,,,,,,,,,,,,,,,,,
,,,,4314,Rbbp8_gRNA_TE,Rbbp8,,,TGGGTGGAATGTAGCGAAAT,,,,,,,,,,,,,,,,,,,,,,,,,,,,,,,
,,,,4770,Rbbp8_gRNA_QX,Rbbp8,,,TTTGGCAGATAGCTTCTCCC,,,,,,,,,,,,,,,,,,,,,,,,,,,,,,,
,,,,1966,Rcc1_gRNA_T7FS1,Rcc1,,,ACACTGGGCCAGGGCGACGT,,,,,,,,,,,,,,,,,,,,,,,,,,,,,,,
,,,,1967,Rcc1_gRNA_T7RS1,Rcc1,,,CCCAGTGTCAGCACCAAGCC,,,,,,,,,,,,,,,,,,,,,,,,,,,,,,,
,,,,3322,Rcc1_gRNA_U,Rcc1,,,AGTCTGCGAACTGTGTTGGG,,,,,,,,,,,,,,,,,,,,,,,,,,,,,,,
,,,,3323,Rcc1_gRNA_D,Rcc1,,,AGCCAGTAAATAATCTCGAA,,,,,,,,,,,,,,,,,,,,,,,,,,,,,,,
,,,,3306,Rep15_gRNA_U,Rep15,,,TCAGCGGATACTCAAACCCG,,,,,,,,,,,,,,,,,,,,,,,,,,,,,,,
,,,,3307,Rep15_gRNA_D,Rep15,,,GGAGAACCTAAGGCTATCAG,,,,,,,,,,,,,,,,,,,,,,,,,,,,,,,
,,,,2128,Rnase1_E2FS1,Rnase1,,,CACCTTCGTGCATGAGCCCT,,,,,,,,,,,,,,,,,,,,,,,,,,,,,,,
,,,,2129,Rnase1_E2RS1,Rnase1,,,TATCCCGGCGTTTCATCATT,,,,,,,,,,,,,,,,,,,,,,,,,,,,,,,
,,,,4630,Rnf135_gRNA_U5,Rnf135,,,TTCTGACTTGTGTACTCAGG,,,,,,,,,,,,,,,,,,,,,,,,,,,,,,,
,,,,4631,Rnf135_gRNA_U3,Rnf135,,,TTGGAACAGGGCTCACACGT,,,,,,,,,,,,,,,,,,,,,,,,,,,,,,,
,,,,4632,Rnf135_gRNA_D5,Rnf135,,,GGCCATTCCCACCCAATCAG,,,,,,,,,,,,,,,,,,,,,,,,,,,,,,,
,,,,4633,Rnf135_gRNA_D3,Rnf135,,,TGATCCCTAATCCTAGTTTA,,,,,,,,,,,,,,,,,,,,,,,,,,,,,,,
,,,,1973,ROSA26_gRNA2,Gt(ROSA)26Sor,,,GACTGGAGTTGCAGATCACG,,,,,,,,,,,,,,,,,,,,,,,,,,,,,,,
,,,,1974,ROSA26_gRNA9,Gt(ROSA)26Sor,,,AGTCTTCTGGGCAGGCTTAA,,,,,,,,,,,,,,,,,,,,,,,,,,,,,,,
,,,,4455,Rreb1_gRNA_U5,Rreb1,,,CCAGCTGACTACATGGCAAG,,,,,,,,,,,,,,,,,,,,,,,,,,,,,,,
,,,,4456,Rreb1_gRNA_U3,Rreb1,,,CTCGGCTGCAGGAAGTACAC,,,,,,,,,,,,,,,,,,,,,,,,,,,,,,,
,,,,4457,Rreb1_gRNA_D5,Rreb1,,,GAAAACTCGTAGTGGCACAG,,,,,,,,,,,,,,,,,,,,,,,,,,,,,,,
,,,,4458,Rreb1_gRNA_D3,Rreb1,,,CGTTACAACAAAGCACCCTT,,,,,,,,,,,,,,,,,,,,,,,,,,,,,,,
,,,,4768,rs55705857_gRNA_ag,rs55705857,,,GAAGCCGCTCTGCAAATACA,,,,,,,,,,,,,,,,,,,,,,,,,,,,,,,
,,,,4598,Rttn_gRNA_U5,Rttn,,,TAGAAGAGATCCTATGAGAC,,,,,,,,,,,,,,,,,,,,,,,,,,,,,,,
,,,,4599,Rttn_gRNA_U3,Rttn,,,GCTATACTCTAGAGAAAGAC,,,,,,,,,,,,,,,,,,,,,,,,,,,,,,,
,,,,4600,Rttn_gRNA_D5,Rttn,,,ACTACAAACAATCATCCGGA,,,,,,,,,,,,,,,,,,,,,,,,,,,,,,,
,,,,4601,Rttn_gRNA_D3,Rttn,,,GGTATTATCCAATGGGGTAG,,,,,,,,,,,,,,,,,,,,,,,,,,,,,,,
,,,,4411,Ryr1_gRNA_TM,Ryr1,,,ACGGCGTGTTGAGCACCAGG,,,,,,,,,,,,,,,,,,,,,,,,,,,,,,,
,,,,5034,Ryr1_gRNA-SC-L_U,Ryr1,,,CCAGCCGCTCAGATAGCTCT,,,,,,,,,,,,,,,,,,,,,,,,,,,,,,,
,,,,5035,Ryr1_gRNA-SC-L_D,Ryr1,,,GGCTGCGGCAGGCGCTTTCG,,,,,,,,,,,,,,,,,,,,,,,,,,,,,,,
,,,,4580,Sacs_gRNA_U5,Sacs,,,AAGAAATAAGTTGCCCTCAT,,,,,,,,,,,,,,,,,,,,,,,,,,,,,,,
,,,,4583,Sacs_gRNA_D3,Sacs,,,CTTGCTCCCACTCTGAAGTG,,,,,,,,,,,,,,,,,,,,,,,,,,,,,,,
,,,,1869,Scarb2_gRNA12_T7,Scarb2,,,AACTGGATGTACACAGGTAG,,,,,,,,,,,,,,,,,,,,,,,,,,,,,,,
,,,,1868,Scarb2_gRNA8_T7,Scarb2,,,AATCCTGAGGAGATCCTCCA,,,,,,,,,,,,,,,,,,,,,,,,,,,,,,,
,,,,1975,Scarb2_T7gRNA1,Scarb2,,,GGCCCCACTTCTTCTAGTAG,,,,,,,,,,,,,,,,,,,,,,,,,,,,,,,
,,,,4986,Sclt1_gRNA_U5,Sclt1,,,GTTGCTATGGTAAGCAGACA,,,,,,,,,,,,,,,,,,,,,,,,,,,,,,,
,,,,4987,Sclt1_gRNA_U3,Sclt1,,,TTCAAGGGATAGCAATCAGC,,,,,,,,,,,,,,,,,,,,,,,,,,,,,,,
,,,,4988,Sclt1_gRNA_D5,Sclt1,,,ATGGATAAATGTATCAGGGT,,,,,,,,,,,,,,,,,,,,,,,,,,,,,,,
,,,,4989,Sclt1_gRNA_D3,Sclt1,,,TGAATTCGGCTTATATTCTT,,,,,,,,,,,,,,,,,,,,,,,,,,,,,,,
,,,,2130,Scn1a_E16g3,Scn1a,,,AGTCGTTCATGTGCCAACGT,,,,,,,,,,,,,,,,,,,,,,,,,,,,,,,
,,,,3225,Scn1a_v51_g4,Scn1a,,,CTTGTCCGCCCTCCTACGAT,,,,,,,,,,,,,,,,,,,,,,,,,,,,,,,
,,,,5030,Serac1_gRNA_U5,Serac1,,,ACGGCTTTAATCCCAGACTC,,,,,,,,,,,,,,,,,,,,,,,,,,,,,,,
,,,,5031,Serac1_gRNA_U3,Serac1,,,CGAGGATCTAAATATGACCC,,,,,,,,,,,,,,,,,,,,,,,,,,,,,,,
,,,,5032,Serac1_gRNA_D5,Serac1,,,GCTACATCAAGTTTAGAAGT,,,,,,,,,,,,,,,,,,,,,,,,,,,,,,,
,,,,4098,Serpinb3d_gRNA_U5,Serpinb3d,,,TTGTGTAAGGTTGTCACTGA,,,,,,,,,,,,,,,,,,,,,,,,,,,,,,,
,,,,4099,Serpinb3d_gRNA_U3,Serpinb3d,,,ATCATGCAGATTTTTCACTC,,,,,,,,,,,,,,,,,,,,,,,,,,,,,,,
,,,,4100,Serpinb3d_gRNA_D5,Serpinb3d,,,CCTGTAGTATTTCCACTGAT,,,,,,,,,,,,,,,,,,,,,,,,,,,,,,,
,,,,4101,Serpinb3d_gRNA_D3,Serpinb3d,,,TATAGCCTATCTAGTGGTGT,,,,,,,,,,,,,,,,,,,,,,,,,,,,,,,
,,,,4510,Sf3b4_gRNA_U5,Sf3b4,,,TTAGATGCCACGGTGTACGT,,,,,,,,,,,,,,,,,,,,,,,,,,,,,,,
,,,,4511,Sf3b4_gRNA_U3,Sf3b4,,,TACCCTACTCACCCTGGTGC,,,,,,,,,,,,,,,,,,,,,,,,,,,,,,,
,,,,4513,Sf3b4_gRNA_D3,Sf3b4,,,CTCCAAGCTGTACCTGGTGG,,,,,,,,,,,,,,,,,,,,,,,,,,,,,,,
,,,,2133,Sgsh_E2g1,Sgsh,,,TGACAGACGTGAAGGCGTTA,,,,,,,,,,,,,,,,,,,,,,,,,,,,,,,
,,,,4634,Shprh_gRNA_U5,Shprh,,,GTAGCATGGCATACCATTGA,,,,,,,,,,,,,,,,,,,,,,,,,,,,,,,
,,,,4635,Shprh_gRNA_U3,Shprh,,,AGTTCCAAATCCTACCTAAC,,,,,,,,,,,,,,,,,,,,,,,,,,,,,,,
,,,,4636,Shprh_gRNA_D5,Shprh,,,AATGCCGTGCTCCAGAGAAT,,,,,,,,,,,,,,,,,,,,,,,,,,,,,,,
,,,,4637,Shprh_gRNA_D3,Shprh,,,TCTTGCGTCAACCCCTACTG,,,,,,,,,,,,,,,,,,,,,,,,,,,,,,,
,,,,4459,Slc22a4_gRNA_IF,Slc22a4,,,AAAGCGTGATGATTCCAATG,,,,,,,,,,,,,,,,,,,,,,,,,,,,,,,
,,,,2272,Slc23a3_3HA-2_gRNA1,Slc23a3,,,GGACTGTCGGGAGTAATCAA,,,,,,,,,,,,,,,,,,,,,,,,,,,,,,,
,,,,2273,Slc23a3_3HA-2_gRNA12,Slc23a3,,,GTTTAGATTATCAGGCCCTG,,,,,,,,,,,,,,,,,,,,,,,,,,,,,,,
,,,,2271,Slc23a3_5HA_gRNA1,Slc23a3,,,GTCACGTGGTATGATACCTC,,,,,,,,,,,,,,,,,,,,,,,,,,,,,,,
,,,,2270,Slc23a3_5HA_gRNA4,Slc23a3,,,CAGCGAGACTGAATAAATTA,,,,,,,,,,,,,,,,,,,,,,,,,,,,,,,
,,,,4489,Smpd1_gRNA_M3,Smpd1,,,CTCTGTGGTGGGGCATTGCC,,,,,,,,,,,,,,,,,,,,,,,,,,,,,,,
,,,,2134,Snrpb_E2g1,Snrpb,,,TGAAGATGCGGCCGTCCTGC,,,,,,,,,,,,,,,,,,,,,,,,,,,,,,,
,,,,4694,Snrpb_gRNA_U5,Snrpb,,,TCATGTGAGATCACTTAGCC,,,,,,,,,,,,,,,,,,,,,,,,,,,,,,,
,,,,4695,Snrpb_gRNA_U3,Snrpb,,,ACGTAATACACAGCCAACCT,,,,,,,,,,,,,,,,,,,,,,,,,,,,,,,
,,,,4696,Snrpb_gRNA_D5,Snrpb,,,CTTCCCGAGTACCTGTTGAA,,,,,,,,,,,,,,,,,,,,,,,,,,,,,,,
,,,,4697,Snrpb_gRNA_D3,Snrpb,,,ACTTTAACGCCCATGCCCAG,,,,,,,,,,,,,,,,,,,,,,,,,,,,,,,
,,,,4102,Spred3_gRNA_U5,Spred3,,,GTGGGTGTACTGGTGGCTTG,,,,,,,,,,,,,,,,,,,,,,,,,,,,,,,
,,,,4103,Spred3_gRNA_U3,Spred3,,,GTTAGGGAGAACGCTCAAAC,,,,,,,,,,,,,,,,,,,,,,,,,,,,,,,
,,,,4104,Spred3_gRNA_D5,Spred3,,,TATTGAGCTTGAGGTTGGCC,,,,,,,,,,,,,,,,,,,,,,,,,,,,,,,
,,,,4105,Spred3_gRNA_D3,Spred3,,,TACTGGTGTGTCACCAGGTG,,,,,,,,,,,,,,,,,,,,,,,,,,,,,,,
,,,,4460,Stxbp1_gRNA_PA,Stxbp1,,,TGCTGAGCTCCTTCTGGTAC,,,,,,,,,,,,,,,,,,,,,,,,,,,,,,,
,,,,3116,Tbr1_gRNA,Tbr1,,,TTGGTGTCCGCTTTGCCACA,,,,,,,,,,,,,,,,,,,,,,,,,,,,,,,
,,,,2164,Tenm1_E2g1,Tenm1,,,TTCTCGACATGGCTACCAGC,,,,,,,,,,,,,,,,,,,,,,,,,,,,,,,
,,,,3308,Thoc6_gRNA_U,Thoc6,,,GGTCATGTGCAGTCGCTGCA,,,,,,,,,,,,,,,,,,,,,,,,,,,,,,,
,,,,3309,Thoc6_gRNA_D,Thoc6,,,GCTGCCAGAAACTTCCCGCA,,,,,,,,,,,,,,,,,,,,,,,,,,,,,,,
,,,,4584,Tifa_gRNA_U5,Tifa,,,TGTATCAGCGTCTTCAAAGG,,,,,,,,,,,,,,,,,,,,,,,,,,,,,,,
,,,,4585,Tifa_gRNA_U3,Tifa,,,AATATCCCACTTTGTTGGCC,,,,,,,,,,,,,,,,,,,,,,,,,,,,,,,
,,,,4586,Tifa_gRNA_D,Tifa,,,GAAGAATACATCCCATCCTC,,,,,,,,,,,,,,,,,,,,,,,,,,,,,,,
,,,,4990,Timm13_gRNA_U5,Timm13,,,CGAGCCGAAGCCGCTGTCCA,,,,,,,,,,,,,,,,,,,,,,,,,,,,,,,
,,,,4991,Timm13_gRNA_U3,Timm13,,,GATCGCCGTGGCCAACGCGC,,,,,,,,,,,,,,,,,,,,,,,,,,,,,,,
,,,,4992,Timm13_gRNA_D5,Timm13,,,CCGCTGCAGTCGAGAGTTGT,,,,,,,,,,,,,,,,,,,,,,,,,,,,,,,
,,,,4993,Timm13_gRNA_D3,Timm13,,,CAGACTTCAGGGCGGCTAGG,,,,,,,,,,,,,,,,,,,,,,,,,,,,,,,
,,,,4994,Timm8a1_gRNA_U5,Timm8a1,,,GGGAGCCGATTCCGCTCGCG,,,,,,,,,,,,,,,,,,,,,,,,,,,,,,,
,,,,4996,Timm8a1_gRNA_D5,Timm8a1,,,TAACTGCAAACTCCGATTTT,,,,,,,,,,,,,,,,,,,,,,,,,,,,,,,
,,,,4997,Timm8a1_gRNA_D3,Timm8a1,,,ACACCTTAAGTCCCTGATAG,,,,,,,,,,,,,,,,,,,,,,,,,,,,,,,
,,,,2427,Tldc1_3HA_g1,Tldc1,,,GAGAAGCACGCGTCCTCCTC,,,,,,,,,,,,,,,,,,,,,,,,,,,,,,,
,,,,2426,Tldc1_5HA_g1,Tldc1,,,GGCCAGTTGGAGCTATGCGA,,,,,,,,,,,,,,,,,,,,,,,,,,,,,,,
,,,,3310,Tmem160_gRNA_U,Tmem160,,,AGTGTCCGAGCTGGATCGCG,,,,,,,,,,,,,,,,,,,,,,,,,,,,,,,
,,,,3311,Tmem160_gRNA_D,Tmem160,,,ACTTCTGTCATCCGGCATTG,,,,,,,,,,,,,,,,,,,,,,,,,,,,,,,
,,,,4120,Tmem209_gRNA_U5,Tmem209,,,ATGGCTCGCTAGTAAGCTAG,,,,,,,,,,,,,,,,,,,,,,,,,,,,,,,
,,,,4121,Tmem209_gRNA_U3,Tmem209,,,CATCTGCCACTCTAATTAAG,,,,,,,,,,,,,,,,,,,,,,,,,,,,,,,
,,,,4122,Tmem209_gRNA_D5,Tmem209,,,GGTCACCAGCTGGTTTCAGC,,,,,,,,,,,,,,,,,,,,,,,,,,,,,,,
,,,,4123,Tmem209_gRNA_D3,Tmem209,,,TCACACCTGGGATCCTCATG,,,,,,,,,,,,,,,,,,,,,,,,,,,,,,,
,,,,4591,Tmem231_gRNA_U,Tmem231,,,GCTGAAGCGGAGCAGCTACG,,,,,,,,,,,,,,,,,,,,,,,,,,,,,,,
,,,,4592,Tmem231_gRNA_M,Tmem231,,,AGGCTTCAGGCTCCGGCCCC,,,,,,,,,,,,,,,,,,,,,,,,,,,,,,,
,,,,4593,Tmem231_gRNA_D,Tmem231,,,AACCACGCACCGACACGAGC,,,,,,,,,,,,,,,,,,,,,,,,,,,,,,,
,,,,5023,Tmem74_gRNA_U5,Tmem74,,,AGTGGACCCATGCAATGCTT,,,,,,,,,,,,,,,,,,,,,,,,,,,,,,,
,,,,5024,Tmem74_gRNA_U3,Tmem74,,,CAAACAAGCTTCTCCCTATC,,,,,,,,,,,,,,,,,,,,,,,,,,,,,,,
,,,,5025,Tmem74_gRNA_D,Tmem74,,,TCTGGAACTGTCCTTGGTAG,,,,,,,,,,,,,,,,,,,,,,,,,,,,,,,
,,,,4124,Top2a_gRNA_U5,Top2a,,,GCCCTGCATAAGAACATGGG,,,,,,,,,,,,,,,,,,,,,,,,,,,,,,,
,,,,4125,Top2a_gRNA_U3,Top2a,,,GTCAGCATGTATTTTGGGTC,,,,,,,,,,,,,,,,,,,,,,,,,,,,,,,
,,,,4126,Top2a_gRNA_D5,Top2a,,,TTTGAGTTAGAGTGCAGTAT,,,,,,,,,,,,,,,,,,,,,,,,,,,,,,,
,,,,4127,Top2a_gRNA_D3,Top2a,,,ATGCCTGTGCCTGATCTGAC,,,,,,,,,,,,,,,,,,,,,,,,,,,,,,,
,,,,3312,Trh_gRNA_U,Trh,,,TCAAGAATCGACGTTCTGGC,,,,,,,,,,,,,,,,,,,,,,,,,,,,,,,
,,,,3313,Trh_gRNA_D,Trh,,,CAGATGCCCCCCAAGTCAAG,,,,,,,,,,,,,,,,,,,,,,,,,,,,,,,
,,,,4080,Trh_gRNA_U5,Trh,,,GCTTTGATCTTCGTGCTAAC,,,,,,,,,,,,,,,,,,,,,,,,,,,,,,,
,,,,4081,Trh_gRNA_D3,Trh,,,GGATCTATGAACCTCCGGCC,,,,,,,,,,,,,,,,,,,,,,,,,,,,,,,
,,,,4837,Trp63_gRNA_C,Trp63,,,GAGAATGAGCGCCCATTGCG,,,,,,,,,,,,,,,,,,,,,,,,,,,,,,,
,,,,4402,Tubb5_gRNA_U5,Tubb5,,,CCATGGAGGAACCTACGCGA,,,,,,,,,,,,,,,,,,,,,,,,,,,,,,,
,,,,4403,Tubb5_gRNA_U3,Tubb5,,,CAGCCTCGTTTCAGCGTGTC,,,,,,,,,,,,,,,,,,,,,,,,,,,,,,,
,,,,4404,Tubb5_gRNA_D5,Tubb5,,,TACGGCTATGTTCCGCCGGA,,,,,,,,,,,,,,,,,,,,,,,,,,,,,,,
,,,,4405,Tubb5_gRNA_D3,Tubb5,,,TGCCCTCACCCGTATACCAG,,,,,,,,,,,,,,,,,,,,,,,,,,,,,,,
,,,,4135,Tusc5_gRNA_U5,Tusc5,,,AGAATCGAAGCGTCCACAGC,,,,,,,,,,,,,,,,,,,,,,,,,,,,,,,
,,,,4136,Tusc5_gRNA_U3,Tusc5,,,TACATCTACCCTCGTCCTGG,,,,,,,,,,,,,,,,,,,,,,,,,,,,,,,
,,,,4137,Tusc5_gRNA_D5,Tusc5,,,TCGGGTGTTAGAGCCTTGGC,,,,,,,,,,,,,,,,,,,,,,,,,,,,,,,
,,,,4138,Tusc5_gRNA_D3,Tusc5,,,GCCTTAGGCCCCCTCTAGAA,,,,,,,,,,,,,,,,,,,,,,,,,,,,,,,
,,,,4461,Ube2r2_gRNA_M5,Ube2r2,,,ACTTAGCACATCCGTGCAAT,,,,,,,,,,,,,,,,,,,,,,,,,,,,,,,
,,,,4462,Ube2r2_gRNA_M3,Ube2r2,,,GTATTACAAACTGGTGTGGT,,,,,,,,,,,,,,,,,,,,,,,,,,,,,,,
,,,,4463,Ube2r2_gRNA_D5,Ube2r2,,,TCTCATTCTGTTTGCGCCTG,,,,,,,,,,,,,,,,,,,,,,,,,,,,,,,
,,,,4464,Ube2r2_gRNA_D3,Ube2r2,,,TACACCTTCACCTCGAAACC,,,,,,,,,,,,,,,,,,,,,,,,,,,,,,,
,,,,4802,Ugt1a1_gRNA_U5,Ugt1a1,,,CACTAACAGCCTCCCAGCGT,,,,,,,,,,,,,,,,,,,,,,,,,,,,,,,
,,,,4803,Ugt1a1_gRNA_U3,Ugt1a1,,,CAACTTCGTGCCCCTTCTGC,,,,,,,,,,,,,,,,,,,,,,,,,,,,,,,
,,,,4804,Ugt1a1_gRNA_D,Ugt1a1,,,TAAAGTTCTCTGACACGGCC,,,,,,,,,,,,,,,,,,,,,,,,,,,,,,,
,,,,4151,Ulk3_gRNA_U5,Ulk3,,,ATCAACGAGGCATCCGGATT,,,,,,,,,,,,,,,,,,,,,,,,,,,,,,,
,,,,4152,Ulk3_gRNA_U3,Ulk3,,,TTTGAAGGGGCCGACCCCAT,,,,,,,,,,,,,,,,,,,,,,,,,,,,,,,
,,,,4153,Ulk3_gRNA_D5,Ulk3,,,GACTTAACAGAGCGACCCCT,,,,,,,,,,,,,,,,,,,,,,,,,,,,,,,
,,,,4154,Ulk3_gRNA_D3,Ulk3,,,GAGCTGAGCCCGGCGCCAAA,,,,,,,,,,,,,,,,,,,,,,,,,,,,,,,
,,,,4602,Upf3b_gRNA_U5,Upf3b,,,GGAGATCACTTAGTTGGCCT,,,,,,,,,,,,,,,,,,,,,,,,,,,,,,,
,,,,4603,Upf3b_gRNA_U3,Upf3b,,,ATGGCATTTCTTCTACTATA,,,,,,,,,,,,,,,,,,,,,,,,,,,,,,,
,,,,4604,Upf3b_gRNA_D5,Upf3b,,,TTATTCACTGCGAACTAATA,,,,,,,,,,,,,,,,,,,,,,,,,,,,,,,
,,,,4605,Upf3b_gRNA_D3,Upf3b,,,TATATCCCCTGAGGCTGTCA,,,,,,,,,,,,,,,,,,,,,,,,,,,,,,,
,,,,4319,Usp29_gRNA_U5,Usp29,,,TCCTGTTTGTGCTGCGGATC,,,,,,,,,,,,,,,,,,,,,,,,,,,,,,,
,,,,4320,Usp29_gRNA_U3,Usp29,,,TGATAATGTTACAGGCGTAG,,,,,,,,,,,,,,,,,,,,,,,,,,,,,,,
,,,,4321,Usp29_gRNA_D5,Usp29,,,GATCTGAACTCTCGAACACT,,,,,,,,,,,,,,,,,,,,,,,,,,,,,,,
,,,,4322,Usp29_gRNA_D3,Usp29,,,TAACGGCCTTACATACATCC,,,,,,,,,,,,,,,,,,,,,,,,,,,,,,,
,,,,3039,Usp51_gRNA_D,Usp51,,,CAATGACCATATATGACAAG,,,,,,,,,,,,,,,,,,,,,,,,,,,,,,,
,,,,3038,Usp51_gRNA_U,Usp51,,,GCAAGCGCGCTTAGGAGTAG,,,,,,,,,,,,,,,,,,,,,,,,,,,,,,,
,,,,4272,Veph1_gRNA_U5,Veph1,,,CTTCCGCTCATGCTATCAAC,,,,,,,,,,,,,,,,,,,,,,,,,,,,,,,
,,,,4273,Veph1_gRNA_U3,Veph1,,,TACATCGAATGTGCCCCGCC,,,,,,,,,,,,,,,,,,,,,,,,,,,,,,,
,,,,4274,Veph1_gRNA_D5,Veph1,,,GGGGCTGACTCAGCCGGCCC,,,,,,,,,,,,,,,,,,,,,,,,,,,,,,,
,,,,4275,Veph1_gRNA_D3,Veph1,,,GTACTGGTACTCACTGCGAA,,,,,,,,,,,,,,,,,,,,,,,,,,,,,,,
,,,,4381,Veph1_gRNA_Cflag,Veph1,,,TGCGAATCGCTACAGATATG,,,,,,,,,,,,,,,,,,,,,,,,,,,,,,,
,,,,2275,Vps13b_3HA_gRNA1,Vps13b,,,CTTAAGCTCCTGAATAGTAC,,,,,,,,,,,,,,,,,,,,,,,,,,,,,,,
,,,,2274,Vps13b_5HA_gRNA1,Vps13b,,,CCACTTACTGTGATTATGCT,,,,,,,,,,,,,,,,,,,,,,,,,,,,,,,
,,,,5026,Vps33a_gRNA_U5,Vps33a,,,GCCGTTGTTTCTGCATCCGC,,,,,,,,,,,,,,,,,,,,,,,,,,,,,,,
,,,,5027,Vps33a_gRNA_U3,Vps33a,,,AATTACTTACCGATCTGAGA,,,,,,,,,,,,,,,,,,,,,,,,,,,,,,,
,,,,5028,Vps33a_gRNA_D5,Vps33a,,,TTTGTGGTTTAAAAGACGTT,,,,,,,,,,,,,,,,,,,,,,,,,,,,,,,
,,,,5029,Vps33a_gRNA_D3,Vps33a,,,CGGGTCATTAGGTTTGGCGT,,,,,,,,,,,,,,,,,,,,,,,,,,,,,,,
,,,,4139,Wdr5_gRNA_U5,Wdr5,,,TATTGCCCCTCTGCAGTGAA,,,,,,,,,,,,,,,,,,,,,,,,,,,,,,,
,,,,4140,Wdr5_gRNA_U3,Wdr5,,,CTGTACAGTCACCCAAAGGA,,,,,,,,,,,,,,,,,,,,,,,,,,,,,,,
,,,,4141,Wdr5_gRNA_D5,Wdr5,,,GAGGGGTGTCCTTCCTTGAA,,,,,,,,,,,,,,,,,,,,,,,,,,,,,,,
,,,,4142,Wdr5_gRNA_D3,Wdr5,,,GTGAGTGAGGTGAGATCCTA,,,,,,,,,,,,,,,,,,,,,,,,,,,,,,,
,,,,4143,Wdr62_gRNA_U5,Wdr62,,,CTATCTTACGTGACAGAATG,,,,,,,,,,,,,,,,,,,,,,,,,,,,,,,
,,,,4144,Wdr62_gRNA_U3,Wdr62,,,TAGCATCGCCTCTAACCGCA,,,,,,,,,,,,,,,,,,,,,,,,,,,,,,,
,,,,4145,Wdr62_gRNA_D5,Wdr62,,,GCCCCTCCCAGTTGAAGTCC,,,,,,,,,,,,,,,,,,,,,,,,,,,,,,,
,,,,4146,Wdr62_gRNA_D3,Wdr62,,,CCGAAGTCATAGTAGCTACC,,,,,,,,,,,,,,,,,,,,,,,,,,,,,,,
,,,,3033,Wrap73_gRNAF,Wrap73,,,TCGGAGTCATTCAAGCTCTC,,,,,,,,,,,,,,,,,,,,,,,,,,,,,,,
,,,,2165,Ypel2_E3g1,Ypel2,,,AGGCTCGCCCTTGACTTCCC,,,,,,,,,,,,,,,,,,,,,,,,,,,,,,,
,,,,4900,Zc3h12b_gRNA_U3,Zc3h12b,,,CGCCCCGATGCACCAATTAC,,,,,,,,,,,,,,,,,,,,,,,,,,,,,,,
,,,,4901,Zc3h12b_gRNA_D,Zc3h12b,,,CTCGGACCATGGCGTCCAAG,,,,,,,,,,,,,,,,,,,,,,,,,,,,,,,
,,,,4147,Zfp503_gRNA_U5,Zfp503,,,GCACCCCACTCCGTATCCTT,,,,,,,,,,,,,,,,,,,,,,,,,,,,,,,
,,,,4148,Zfp503_gRNA_U3,Zfp503,,,CTTTTCGCGGGCTGTTACGA,,,,,,,,,,,,,,,,,,,,,,,,,,,,,,,
,,,,4149,Zfp503_gRNA_D5,Zfp503,,,TGGTCAGTCTCTGTCCGTAG,,,,,,,,,,,,,,,,,,,,,,,,,,,,,,,
,,,,4150,Zfp503_gRNA_D3,Zfp503,,,GCGAGGTTCCTGACACCCGC,,,,,,,,,,,,,,,,,,,,,,,,,,,,,,,
