Sample Name,Target,gRNA1,Location1,Strand1,MIT_Score1,CFD_Score1,Total_Off-targets1,Off-target_Profile1,Off-target_Profile_Seed1
2410089E03Rik_gRNA_T7FS1,2410089E03Rik,GAAAGATAAAGAAGCTGTCG,chr15:8176305-8176325,,,,,
2410089E03Rik_gRNA_T7RS1,2410089E03Rik,CTGCTTCTTCGGGCACAATC,,,,,,,
A43I19R_gRNA_U,A430105I19Rik,AAGCCGAGTCCACAATGCGC,,,,,,,
A43I19R_gRNA_D,A430105I19Rik,TGCGCAAGGCAACTATCCTA,,,,,,,
Abca7_gRNA_U,Abca7,GCGAGAAACCATGCGTGCGA,,,,,,,
Abca7_gRNA_D,Abca7,GGCTGAGCCGCGCGGTGCTC,,,,,,,
Adnp2_E4FS1,Adnp2,GAGCTACACAGTGAACATTC,,,,,,,
Adnp2_E4RS1,Adnp2,GGACTTTGCGTGCAGGCGCG,,,,,,,
Adnp2_v47_g1,Adnp2,CTACTTTGGTTTGCGAACTG,,,,,,,
