Target,gRNA1,Location1,Strand1,MIT_Score1,CFD_Score1,Total_Off-targets1,Off-target_Profile1,Off-target_Profile_Seed1
2410089E03Rik,GAAAGATAAAGAAGCTGTCG,chr15:8176306-8176328,,,,,
2410089E03Rik,CTGCTTCTTCGGGCACAATC,,,,,,,
A430105I19Rik,AAGCCGAGTCCACAATGCGC,,,,,,,
A430105I19Rik,TGCGCAAGGCAACTATCCTA,,,,,,,
Abca7,GCGAGAAACCATGCGTGCGA,,,,,,,
Abca7,GGCTGAGCCGCGCGGTGCTC,,,,,,,
Adnp2,GAGCTACACAGTGAACATTC,,,,,,,
Adnp2,GGACTTTGCGTGCAGGCGCG,,,,,,,
Adnp2,CTACTTTGGTTTGCGAACTG,,,,,,,
Adnp2,CAGCATGAAGAAGCACGTGC,,,,,,,
Adnp2,CATGCTGTAGTACAGAGTGT,,,,,,,
Adnp2,CTACTTTGGTTTGCGAACTG,,,,,,,
Alad,TCCCGTGCCTGGGCAAGCCC,,,,,,,
Alad,GGGCTATGGATTGATGGCTG,,,,,,,
Alad,AATGTGATCCGGTGCTGAGA,,,,,,,
Alad,TGCCTGAATTGGGGAGTTCG,,,,,,,
Ano6,GGATCGGGTCTGTCCCGTTG,,,,,,,
Ap2s1,GATCGAGGAGGTGCACGCCG,,,,,,,
Ap2s1,GCAAGACGCGCCTGGCCAAG,,,,,,,
Ap2s1,GCAAGACGCGCCTGGCCAAG,,,,,,,
Ap2s1,GATCGAGGAGGTGCACGCCG,,,,,,,
Arid1b,TGATGGAGGATCCTTACTAC,,,,,,,
Arid1b,ACACTAAAGGGGTTGCTTTC,,,,,,,
Arid1b,CTTGTAATCCCCCTGTAGTA,,,,,,,
Arid1b,GCCTATGTAAGTGCTGTATC,,,,,,,
Arid1b,CTGCTTAGCAAGTTACCACT,,,,,,,
Arid1b,GCCTGATACAGCACTTACAT,,,,,,,
Arid1b,AGATCGGACCAGACCTCGAT,,,,,,,
Aspg,TAGGCGGGACTGTGGCACCC,,,,,,,
Aspg,CGATCTCCAACTAGGATGTG,,,,,,,
Aspg,GCCCAAACCATAGAGGTAGA,,,,,,,
Aspg,CTGGGCAAGTGAGTAACTAT,,,,,,,
Atl3,TGGAAAACCTGGTCCAGTGC,,,,,,,
Atl3,GATCTCGGATATGGTCTTGG,,,,,,,
Atp2c2,CCTGGTCACCTATAACTGTC,,,,,,,
Atp2c2,AGGCAGTAGCCTCGTTTCTC,,,,,,,
Atp2c2,AGTAGTTTGTCCTGACGAGC,,,,,,,
Atp2c2,GTTGACCATGGGTAACAATC,,,,,,,
B3galt6,TGTACTCCGTGTCGAAGCGT,,,,,,,
B3galt6,AGGCTGCAACAATCAGTATC,,,,,,,
B3galt6,AGCCGCTCGGCCCCGCGCTA,,,,,,,
B3galt6,AGCGGAGGGCGTCTCGCCCT,,,,,,,
Baz2a,AGCACACAAGCTTGATAAAC,,,,,,,
Baz2a,GTGTAGGACTGTCTGCATGC,,,,,,,
Baz2a,GTTCTACTCATGCCTTCCAA,,,,,,,
Baz2a,ATAGTAATGGCCAAACGAGA,,,,,,,
BC030867,AGGACTATCACCATCGGGCT,,,,,,,
BC030867,GCCGTGCTCAAGTCGCTCTG,,,,,,,
BC030867,CTTGATCATCACCGCCATAT,,,,,,,
BC030867,GTGGTGTTTAAGGACCCCAC,,,,,,,
Bcas1,CCGGCCCAGGACAAGGATTT,,,,,,,
Bcas1,GGTGCCAATGGGCCGGTGGC,,,,,,,
Bckdha,TAGCACCCAGGCTCTAGCAG,,,,,,,
Bckdha,CCTTAACAAGCCTAGGCCTC,,,,,,,
Bckdha,ACATACCTGCCTCCCGGTAC,,,,,,,
Bckdha,TGCCACCTCACACTGCGTGG,,,,,,,
Brcc3,TTTCAGAGTAGGGACACTCT,,,,,,,
Brcc3,GTGTGTGTGTACATGTCCAT,,,,,,,
Brd9,GTGGTCGAATCCACAGCCAA,,,,,,,
Brd9,GTTGCACACCCTGATGAATA,,,,,,,
Brd9,GCATGCATGGTCGTGCCTGT,,,,,,,
Brd9,TTGAGCACGAGCACACCCAC,,,,,,,
Brwd1,ACGGCCGCGCGTCCCCTGCC,,,,,,,
Brwd1,AAGACAGGGACGGTCAGCGG,,,,,,,
Brwd1,GTCCGGCGTCCCGGGGCGAC,,,,,,,
Brwd1,ACCCCGCCACCGCGAGCCCT,,,,,,,
C77370,ATCACTGGTATAGGCTGGAT,,,,,,,
C77370,ATGATCGGGTGCTTCAATCA,,,,,,,
C77370,GGCAGATCGAGAGTCCTCAC,,,,,,,
C77370,AAAGCGCGTGGAACGAGAAC,,,,,,,
Cbfb-Cdh1,TTTAGTGATGATGGCGTCCT,,,,,,,
Cbfb-Cdh1,CACTGACAAACGTCGCTCGG,,,,,,,
Ccdc28b,TGCATCTGAAGGACCTCCCA,,,,,,,
Ccdc28b,AGCACCCTCTTTCGTCTGAG,,,,,,,
Ccdc28b,TAGCGGCATGTGAATCCCTA,,,,,,,
Ccdc28b,ACAAACTGGCCCCACTTAAG,,,,,,,
Ccdc8,CCAGCCAGGCGGACCTCCCG,,,,,,,
Ccdc8,GATACGGGCCACATCTTCCA,,,,,,,
Ccdc8,CCAGGAGCCTCCGGGTACTA,,,,,,,
Ccdc8,TCCCAGTAGCTAACAAAGGC,,,,,,,
Ccer2,ACCTCGGTCCACAGCCCGCC,,,,,,,
Ccer2,GAGAAAACGGGTGCTGTTCA,,,,,,,
Ccer2,TCAGCACCAGGAGACTCCCT,,,,,,,
Ccer2,TAGGGAGCAATGCCCGAGCA,,,,,,,
Ccr5,TCGATGTCATAGATATAGGT,,,,,,,
Ccr5,TGAATACCAGGGAGTAGAGT,,,,,,,
Cep128,ATCCGTCACGATAGCGGACG,,,,,,,
Cep55,ATAATTCCGTCTCACCTATG,,,,,,,
Cep55,ATTCCCTCCAGAGCTGACCT,,,,,,,
Cep55,CTAAATAGATGGATAAGCTC,,,,,,,
Cep55,CGCATGGCGGCCTCGCAGAA,,,,,,,
Ces1g,CGTGGAACTCCAGTCCACAG,,,,,,,
Ces1g,TGTAATTGTTTGGTGCCCGG,,,,,,,
Chchd7,atgcaagcatactattacac,,,,,,,
Chchd7,AATTTGGGCTCTTTTAGGCC,,,,,,,
Chr8,TACCCTAAAAGGGACGGTGG,,,,,,,
Chr8,TAGGCATAGTAGGGCATCGG,,,,,,,
Chst14,CCTGGGCCGCACGCCAAGGC,,,,,,,
Chst14,CAGGGTCTCCGCGCTTTTCG,,,,,,,
Clic1,GAAGGGGCAGTTCCCAATCT,,,,,,,
Clic1,AGAACGGCAGCTGCCCACCG,,,,,,,
Cln8,CGGTCGACTCTAGCGGTTGC,,,,,,,
Cln8,GAATGCCACCTACCGCTCCC,,,,,,,
Cln8,AGCTCCTCCATCCCGTGGAT,,,,,,,
Cln8,CGCTACAACCTCTTTTTCCG,,,,,,,
Col26a1,TACCAGAGCTGCCGGTGGCC,,,,,,,
Col26a1,CTGTCCTTGTCACCGTGTGA,,,,,,,
Col26a1,GACTCGCTGGACCACCGTCT,,,,,,,
Col9a3,GGCTTCCCTGAGGTCCCTTT,,,,,,,
Col9a3,GCAGGACCCAAAGGTGCCCC,,,,,,,
Col9a3,ATGGTACTTACCCCAAGTCC,,,,,,,
Colec10,gcaaattcaaggaacaatat,,,,,,,
Colec10,GCTTTTGCTCAAATGCCATA,,,,,,,
Cox20,ACTACATTGCTGTGAATTGG,,,,,,,
Cox20,GACTGGTCACTTCATGCTAG,,,,,,,
Cox20,ATATACGCGCACTTGAGACA,,,,,,,
Cox20,CTCGTCTGTTAAACATTCAA,,,,,,,
Cox6b1,GAGCTATATACGCCTGACCT,,,,,,,
Cox6b1,GTGCTTAGTCGGGGTTGATT,,,,,,,
Cox6b1,GACCACCCAAGGGTCCCGTC,,,,,,,
Cox6b1,TCACCTCCAAGGGTCAAGCG,,,,,,,
Cyp21a1,TTAGCACCACCACATCTGAG,,,,,,,
Cyp21a1,GGCCGACCCCATATGCTAAA,,,,,,,
Cyp21a1,CAGATCGCTTCCTGGAACCT,,,,,,,
Cyp21a1,GTGAGCGTCCTTGACAGGAT,,,,,,,
Cyp2d22,ACACTAGCAAGGTCATGATG,,,,,,,
Cyp2d22,GAATGCATTACGGGCAAGCC,,,,,,,
Cyp2d22,GGCTTTGGACCACGCTCTCA,,,,,,,
Cyp2d22,CTCTGGGACCTAATTGAGGT,,,,,,,
D8Ertd82e,GTTTACCTAGGCAGCTTCCG,,,,,,,
D8Ertd82e,ATGCAGTCCGACCATGGTAT,,,,,,,
Ddx4,GTGGAACCCTATGCATCCCG,,,,,,,
Dgke,TGTAATGTGGTAACACCTGT,,,,,,,
Dgke,TGTCACGGTACTCGAAGCAG,,,,,,,
Dgke,GATTTCCAGCTCCAGTACAG,,,,,,,
Dmd,ATTGGTGGAGGGATTATATG,,,,,,,
Dmd,ACAGCGCTTAAGTTATCTGC,,,,,,,
Dmd,GACTCATTGGAAGGAGTGAT,,,,,,,
Dmd,GAAGGAATATAGGGTGATAG,,,,,,,
Dmd,TAAACTTACAACCTAGTCAC,,,,,,,
Dmd,CCTACTAAAGATGATCAGCT,,,,,,,
Dnm2,GGCTTCGTTCCTGCGCGCTG,,,,,,,
Dupd1,TGAGAGGCTGTCCGTGCGGG,,,,,,,
Dupd1,TCGAGCTGGAGCGTCTCTTC,,,,,,,
Dync1h1,CGGCGACCACTCTCCACTGA,,,,,,,
Eif4enif1,CTCTCTACCCAGCCTCGGGG,,,,,,,
Eif4enif1,GCGCACCAGAGAAGGTCGAT,,,,,,,
Eif4g1,TTACTACTATACTAGGAGGT,,,,,,,
Eif4g1,AAAGACGACAATTATCCCCA,,,,,,,
Eif4g1,CACGATCCCTTCAAGTACCG,,,,,,,
Eif4g1,GATGTTATCTAGCTGTTAGG,,,,,,,
Eif4g3,CTTGGTAACAGACGTACACT,,,,,,,
Eif4g3,GTGCTCGCGTCCCGAGTGGA,,,,,,,
Eif4g3,CGGCAGCCGTACCTAGGCTA,,,,,,,
Eif4g3,GTCACTGACACTCTAAAGAC,,,,,,,
Enam,GTAGGATTGTTCCCAGCGTT,,,,,,,
Enam,TCCTGCATAATTAACCCCGG,,,,,,,
Entpd4,TGGTGGACTGCGGCAGCAGT,,,,,,,
Entpd4,CACGATGCCATAGTTCACGC,,,,,,,
Epm2a,GACCCACGCCAGCGTTGCAG,,,,,,,
Exoc4-Cul1,TATGGGGCCATAGAGGTATG,,,,,,,
Exoc4-Cul1,GTGGAGTCAGGCGATATTAT,,,,,,,
Exoc4-Cul1,CAGGGACAACTCATGGCCCC,,,,,,,
Fam149a,ATCAATATTTATGCATCGGA,,,,,,,
Fam149a,GTCTATGTCCTGAGATCAGG,,,,,,,
Fam149a,TTTCCTTCCGACAAGTTAAA,,,,,,,
Fam149a,TGCGTTCTCAGAGACATTGA,,,,,,,
Fap,CCACTAAAGCAAGCGCAGCC,,,,,,,
Fat4,TGTGCTTCCCACTGAAGGGG,,,,,,,
Fat4,GTGCTCAATCTCCTGCTCAG,,,,,,,
Fgd1,GGGTGGTTGCTGTGACTTTA,,,,,,,
Fgd1,ATTTCGAGGTGACTATGACC,,,,,,,
Fgd1,AGTCGATTTAGCACCTAGTA,,,,,,,
Fgd1,CTAAATGCCGGTTAGGAAGG,,,,,,,
Fignl1,TTCAAATTAGAACTTTAGTC,,,,,,,
Fignl1,CCTACAGAGAAACTATTCAT,,,,,,,
Fmnl2,GGCAACAGTGTGTCCCGCTC,,,,,,,
Fmnl2,TCCTCGATGGACCTGCTCCA,,,,,,,
G6pd2,CGGAACAGCCACCAGATGGT,,,,,,,
G6pd2,CTGCAATTCCGAGATATACC,,,,,,,
Gata6,CCTCTTGGTAGCACCAGCTC,,,,,,,
Glrb,TCTACTAGGAAAAGTCTTGG,,,,,,,
Glrb,CTCGGGTGACTGCTGACTAA,,,,,,,
Glrb,ATATAGGTATGAAGACTGGA,,,,,,,
Glrb,TTAGGCTCTGAACATTGATG,,,,,,,
Golph3,TGGTACTTACCCAAGTCAAT,,,,,,,
Golph3,GGAAGGGTCGTCCTTTTACC,,,,,,,
Golph3,ACCGTTTACTCTGTTTAGAG,,,,,,,
Golph3,CGTTATGTTTTGTACACCAG,,,,,,,
Grm7,CTTGCATCTGAAGGAAGCTA,,,,,,,
Grm7,CTATGACTTCTTCTCTCGCG,,,,,,,
Hdgfl1,GTTCGATCCTCGCTGGCCAG,,,,,,,
Hdgfl1,CGCTACCAGGTGTTCTTCTT,,,,,,,
Hdgfl1,GCGGTCCAGGGCCTGATTGT,,,,,,,
Hdgfl1,TCTACAAACACCGTGACTAC,,,,,,,
Hgsnat,GCAGGTTAACTCCACCTCGG,,,,,,,
Hgsnat,ACAGAGACAGGTGCCACGCT,,,,,,,
Hrasls5,GTGCATGCCAGCACTCCCTA,,,,,,,
Hrasls5,ACAGTTCAACAGCTTCGCCC,,,,,,,
Hrasls5,ATATGGGCTAAATGTGCCTC,,,,,,,
Hrasls5,CTCAGAAGACCTTTATTAGG,,,,,,,
Hsd17b4,GAAAGAGGAGCATTAGTCAT,,,,,,,
Hyls1,GCAGCTAACATTCGTTCTTC,,,,,,,
Hyls1,CTTTACTGTAGGGATCATAC,,,,,,,
Hyls1,ACAACGCACACCCCACCGAA,,,,,,,
Iars2,AATTACCAGTGTGTTTTGGG,,,,,,,
Iars2,CATAGACCCTTATCAATACC,,,,,,,
Iars2,TTAAACCTTCCTGTCAAACC,,,,,,,
Iars2,AAAAGTCCGGGATTATATGG,,,,,,,
Igf2r,GTTTATAAGATCAACGTCTG,,,,,,,
Ighmbp2,AACTGCCACAAGTTGCCTTC,,,,,,,
Ighmbp2,CACATACCGTAATAACTAGC,,,,,,,
Ighmbp2,GGGAAACTGCAGAGTACGGT,,,,,,,
Ighmbp2,ACAAAGGCCGAGCTATCTTC,,,,,,,
Ilk,CTCACGGGGCCTTGTGCGAG,,,,,,,
Ing4,ATAGTTCAGTACAGTTCACT,,,,,,,
Ing4,GTATGTTTCATCTAGCCACC,,,,,,,
Ing4,GAATTAGCTGAGAGCTAGGT,,,,,,,
Ing4,TCCAAGCCTGGCTCCGATCA,,,,,,,
Ints4,GTTATACTCAATACTGCAAA,,,,,,,
Ints4,ACAGGCAACTGACGTCACAA,,,,,,,
Ints4,CCTTCTTAAGAAGACGACAC,,,,,,,
Ints4,AGGGCGTCAGATCTTGTTAC,,,,,,,
Irgq,GCGGACTTTCCCGAGCCGGG,,,,,,,
Irgq,GCCCTGATCGCCGCGTTATG,,,,,,,
Irgq,CCACCGCACACCTCATTGGT,,,,,,,
Irgq,CGATTTCCTAGGTACTGAAT,,,,,,,
Irx1,TGGTGAATCAAGTGCCCCCA,,,,,,,
Irx1,TCCAAGGGCTTGTTCCACGG,,,,,,,
Irx4,AATGGGGTGCCTGTAGATCA,,,,,,,
Irx4,AGGTCCACCAGCCTTACGGT,,,,,,,
Itm2c,CCTTTCCGGGAGCGGTGGCG,,,,,,,
Kars,GAAGAGCAGAGCATCTGCCG,,,,,,,
Kars,CCAGATGGACGGCGCCACAC,,,,,,,
Kbtbd4,GGTCCATCCCACGACGCATG,,,,,,,
L2hgdh,ATCAGATACTTAAGTTCTGC,,,,,,,
L2hgdh,GTGAGTCACCGTGTGGTTGC,,,,,,,
L2hgdh,GGGAACCTGCTTATTTTGTC,,,,,,,
L2hgdh,GGAATAGCATAGTGCTCCTC,,,,,,,
L3mbtl3,TCCAAGATTGACGTGTAgat,,,,,,,
L3mbtl3,GAAGGCACTACATCTAATGC,,,,,,,
L3mbtl4,CCCTATAAATGATACCACAC,,,,,,,
L3mbtl4,CGTACATATATACTTTAGGC,,,,,,,
Lbr,ACCCTCCAAGCTCGCAGAGC,,,,,,,
Lbr,CAGCGCACTCGGGTCCGGTG,,,,,,,
Lbr,GTAGGTATTAGAAGCCCATT,,,,,,,
Lbr,GCACAACTGGGGTGGTACAT,,,,,,,
Matr3,TTGCAGTCTATATTTAACAT,,,,,,,
Matr3,AGTAATATTTTGGCCAGCTT,,,,,,,
Mcidas,CCATTCGAGAGGTAAGGATG,,,,,,,
Mcidas,ACAGTAGGCTTGCCTTGGGC,,,,,,,
Mcidas,GGGACAGACGTTAAGTAAAA,,,,,,,
Mcidas,TTGCTTCAGGTTAGCTCAGC,,,,,,,
Mettl3,AGGTAGCAGGGACCATCGCA,,,,,,,
Mettl3,TATCTCCAGATCAACATCGG,,,,,,,
Micalcl,GGTTACTCAACCTTCCTAAT,,,,,,,
Micalcl,CCCAAGGGGCTAGAACTTGC,,,,,,,
Micalcl,AAAGTGTGAAACGTTGGTAC,,,,,,,
Micalcl,AGATGGCTCGGCTGGTCTCA,,,,,,,
Micalcl,GTAGGTTGTTACAACCCTTT,,,,,,,
Mir137,GCTCTGCTTCATGCGGACTC,,,,,,,
Mllt6,TCCTGTGACATTGCGTTTAC,,,,,,,
Mllt6,CTGGACAGTACTGATCTGGA,,,,,,,
Mllt6,GCCACGCCATGCTTAGGTCT,,,,,,,
Mllt6,GGTAGGATGCTCCCACTCGG,,,,,,,
Mpz,TCTTGCCCACTATGTCCGGT,,,,,,,
Mrgprb2,AGGTGCTTAGATTCTTGATT,,,,,,,
Mrgprb2,CATTTAGTCCCATCCCAACC,,,,,,,
Mrgprb2,TTAGGCACCGAAGGTTCAGG,,,,,,,
Mrgprb2,GAGTCTTCCGCCTGAACCTT,,,,,,,
Mrgprx1,ACTACCCTGGTTGGACTGGC,,,,,,,
Mrgprx1,GCAATCATCCCCTATATCTC,,,,,,,
Mrgprx1,CCCTCTTAAGAACTCTTTTC,,,,,,,
Mrgprx1,ATTGACAGTGCCAAGAAAGT,,,,,,,
Mvk,CCACAGCAGCCATTTCCTGG,,,,,,,
Mvk,AGCCTCACCAACACGGGCAA,,,,,,,
Mvk,ATAGGTGACTTAGCCTGACG,,,,,,,
Mvk,GGCAGACCTTGTGTCTACAT,,,,,,,
Myb,TTATTCCCTTCACACGGGAC,,,,,,,
Naa15,GCTTATGAATTGGTTCGCAG,,,,,,,
Nanog,TATGAGACTTACGCAACATC,,,,,,,
Ncl,GCGCACCCATTAAGCATGCT,,,,,,,
Ncl,TAGAATGTACTTGGATCCCC,,,,,,,
Ncl,ACTGTACTTAAGGCCACGAG,,,,,,,
Ncl,AACTAAATCATCGAGTCATA,,,,,,,
Ndufs2,GTATACATCAAGGCGTGTGT,,,,,,,
Ndufs2,AACCGACTATCTAAAATGAT,,,,,,,
Nek2,CAGCAAACACAATGTCAAGC,,,,,,,
Nek2,GGTCCCGGTGAAGCACAGTG,,,,,,,
Nelfa,TGCATGCAGCTTATGAGCTA,,,,,,,
Nelfa,CATCTATCTATTACTAGCAG,,,,,,,
Nelfa,GCCATGGCATACTACATCAA,,,,,,,
Nelfa,TCGAGGTCACACACTCCTAC,,,,,,,
Nfatc1,AAGCGCAAGTACAGTCTCAA,,,,,,,
Nhs,ACATCTTCCTCCCAGCGACC,,,,,,,
Nhs,CTTGCTCTCGATGTCCAAGT,,,,,,,
Nhs,GTGTATACTACCGTGCACCA,,,,,,,
Nlrp1b,CTATTATCGACTCAATCTCG,,,,,,,
Nlrp1b,GCTGCAAGGGAGTCTTGTCC,,,,,,,
Notum,CGCAAAAGGAACGCACAAGC,,,,,,,
Notum,AGGGCTTGAGGATTCCGGTT,,,,,,,
Notum,CCTGCCCTGTCTTAATGGGC,,,,,,,
Notum,GTGCAAGAGGCCCTGCTAGG,,,,,,,
Nsa2,GTGCTCACAGGGCCCCATTC,,,,,,,
Otc,AAGAGACATGCTGCACTATG,,,,,,,
Otc,AATGCTGTGGGGTAGTCCAT,,,,,,,
Otc,TTGCAAACCAAGGGCCCTTT,,,,,,,
Otc,AAGCAATTACCTTGCCTGTG,,,,,,,
Otub1,AACTGCTTCTACCGAGCGTT,,,,,,,
Otub1,TGGGCTCACTCACCGTGTTG,,,,,,,
Pax7,GGTTCTTACCTTTGTCGCCC,,,,,,,
Pax7,GGATGATGAGACCCGGCCCG,,,,,,,
Pdcd1,AGGTCCTCAATAAGCCCTGG,,,,,,,
Pdcd1,GCTGTAACCATTGCAGAAGG,,,,,,,
Pdcd1,GCAGTTGTACGATCTGGAAG,,,,,,,
Pgbd1,GGAACAGGACATGCACCTAG,,,,,,,
Pgbd1,AGGGAGTGACCGAAGACTGC,,,,,,,
Poc5,TCGGGCTTATTGCCTTGAAG,,,,,,,
Poc5,TTCCCGGCTCTTTTGACGGT,,,,,,,
Pogz,CAGTTTGTTAAGCCGACAGT,,,,,,,
Pole,AGCATCTGACACTGAGTAAG,,,,,,,
Polr3a,AGAAGATCTCAGATAAATGC,,,,,,,
Polr3a,CTCGCTTCTGCAGGTAGGTT,,,,,,,
Polr3b,TCATGTCCCTCAGACGGCAC,,,,,,,
Prdm13,CTGAGCAGCTACTAGAGGCT,,,,,,,
Prdm13,TGAGCCTGGCTGTGGCACAT,,,,,,,
Prdm13,TCTTGCTCACCCTCGCTGTT,,,,,,,
Prdm13,GCCTAGAGCTCATAAGCGAA,,,,,,,
Prdm14,CCGCAAAACTCAGCTTGCGA,,,,,,,
Prdm5,CGAAGCCAGTTGGAGTGTCT,,,,,,,
Prdm5,TGTTCACGAGGCACCATCTC,,,,,,,
Psenen,TTGGTAAGGCCGGTCCCCTA,,,,,,,
Psenen,AGAACTCACAGCCTTTGATT,,,,,,,
Pstpip2,GTACAGATTCATGGGCCCAC,,,,,,,
Pstpip2,GCAGGCGGGTGTGAAGCATC,,,,,,,
Pstpip2,TCCACATTTTGCTCGGCTCA,,,,,,,
Pstpip2,CTGCGTTTTACCTTCCCCAA,,,,,,,
Ptch1,CACAATGATCCCGGCCGTCC,,,,,,,
Gm15155,AGGTTAGCATTATACCACTG,,,,,,,
Gm15155,GTCTCCACATTTACATACTC,,,,,,,
Ptp4a1,ATGCTACGTGTTATGTTGGG,,,,,,,
Ptp4a1,AGTCCTGTCCTGCATGCAGG,,,,,,,
Qk,TGCCTCAGCAAGATTTAAAC,,,,,,,
Qk,GGTTCAAGCTATGGATTCTG,,,,,,,
Qk,AATAGATCCTACTTTGGGAG,,,,,,,
Rab2a,GCTCGGATGATAACGATTGA,,,,,,,
Rab39b,TGTCATCGGCGATTCCACGG,,,,,,,
Rab39b,CACCGAGGGCCGCTTTGCTC,,,,,,,
Rab39b,ACGCATCAAGCTCCAGATCT,,,,,,,
Radil,gagtttactctgacatacct,,,,,,,
Radil,CCCGTTGGCAGTGGTCTAGC,,,,,,,
Raly,CCTCCTAGTTCTTGTAGAGT,,,,,,,
Raly,GCAGTCAAAGTGTGAGACTT,,,,,,,
Raly,ATCTATACTCAAATATAGTC,,,,,,,
Raly,ATGTAAATGACTTTATTACC,,,,,,,
Raly,CTTTTCCAAGTACGGCCGAG,,,,,,,
Ranbp17,AAAGGGCGCCAGCTTAGGTT,,,,,,,
Rbbp8,TGGGTGGAATGTAGCGAAAT,,,,,,,
Rbbp8,TTTGGCAGATAGCTTCTCCC,,,,,,,
Rcc1,ACACTGGGCCAGGGCGACGT,,,,,,,
Rcc1,CCCAGTGTCAGCACCAAGCC,,,,,,,
Rcc1,AGTCTGCGAACTGTGTTGGG,,,,,,,
Rcc1,AGCCAGTAAATAATCTCGAA,,,,,,,
Rep15,TCAGCGGATACTCAAACCCG,,,,,,,
Rep15,GGAGAACCTAAGGCTATCAG,,,,,,,
Rnase1,CACCTTCGTGCATGAGCCCT,,,,,,,
Rnase1,TATCCCGGCGTTTCATCATT,,,,,,,
Rnf135,TTCTGACTTGTGTACTCAGG,,,,,,,
Rnf135,TTGGAACAGGGCTCACACGT,,,,,,,
Rnf135,GGCCATTCCCACCCAATCAG,,,,,,,
Rnf135,TGATCCCTAATCCTAGTTTA,,,,,,,
Gt(ROSA)26Sor,GACTGGAGTTGCAGATCACG,,,,,,,
Gt(ROSA)26Sor,AGTCTTCTGGGCAGGCTTAA,,,,,,,
Rreb1,CCAGCTGACTACATGGCAAG,,,,,,,
Rreb1,CTCGGCTGCAGGAAGTACAC,,,,,,,
Rreb1,GAAAACTCGTAGTGGCACAG,,,,,,,
Rreb1,CGTTACAACAAAGCACCCTT,,,,,,,
rs55705857,GAAGCCGCTCTGCAAATACA,,,,,,,
Rttn,TAGAAGAGATCCTATGAGAC,,,,,,,
Rttn,GCTATACTCTAGAGAAAGAC,,,,,,,
Rttn,ACTACAAACAATCATCCGGA,,,,,,,
Rttn,GGTATTATCCAATGGGGTAG,,,,,,,
Ryr1,ACGGCGTGTTGAGCACCAGG,,,,,,,
Ryr1,CCAGCCGCTCAGATAGCTCT,,,,,,,
Ryr1,GGCTGCGGCAGGCGCTTTCG,,,,,,,
Sacs,AAGAAATAAGTTGCCCTCAT,,,,,,,
Sacs,ATACCTGATTGGATCAAGAT,,,,,,,
Sacs,CCAGTTGGTAGTATCCTTAG,,,,,,,
Sacs,CTTGCTCCCACTCTGAAGTG,,,,,,,
Scarb2,AACTGGATGTACACAGGTAG,,,,,,,
Scarb2,AATCCTGAGGAGATCCTCCA,,,,,,,
Scarb2,GGCCCCACTTCTTCTAGTAG,,,,,,,
Sclt1,GTTGCTATGGTAAGCAGACA,,,,,,,
Sclt1,TTCAAGGGATAGCAATCAGC,,,,,,,
Sclt1,ATGGATAAATGTATCAGGGT,,,,,,,
Sclt1,TGAATTCGGCTTATATTCTT,,,,,,,
Scn1a,ATCGTGTTCCGCGTGCTGTG,,,,,,,
Scn1a,AGTCGTTCATGTGCCAACGT,,,,,,,
Scn1a,CTTGTCCGCCCTCCTACGAT,,,,,,,
Serac1,ACGGCTTTAATCCCAGACTC,,,,,,,
Serac1,CGAGGATCTAAATATGACCC,,,,,,,
Serac1,GCTACATCAAGTTTAGAAGT,,,,,,,
Serac1,GAGCATGGCAGCATACAAGC,,,,,,,
Serpinb3d,TTGTGTAAGGTTGTCACTGA,,,,,,,
Serpinb3d,ATCATGCAGATTTTTCACTC,,,,,,,
Serpinb3d,CCTGTAGTATTTCCACTGAT,,,,,,,
Serpinb3d,TATAGCCTATCTAGTGGTGT,,,,,,,
Sf3b4,AATCCCGTGGTTTCATCCCT,,,,,,,
Sf3b4,GGGGTGCATCGGCAAACAGC,,,,,,,
Sf3b4,TTAGATGCCACGGTGTACGT,,,,,,,
Sf3b4,TACCCTACTCACCCTGGTGC,,,,,,,
Sf3b4,GGGGTGCATCGGCAAACAGC,,,,,,,
Sf3b4,CTCCAAGCTGTACCTGGTGG,,,,,,,
Sgsh,TGACAGACGTGAAGGCGTTA,,,,,,,
Shprh,GTAGCATGGCATACCATTGA,,,,,,,
Shprh,AGTTCCAAATCCTACCTAAC,,,,,,,
Shprh,AATGCCGTGCTCCAGAGAAT,,,,,,,
Shprh,TCTTGCGTCAACCCCTACTG,,,,,,,
Slc22a4,AAAGCGTGATGATTCCAATG,,,,,,,
Slc23a3,GGACTGTCGGGAGTAATCAA,,,,,,,
Slc23a3,GTTTAGATTATCAGGCCCTG,,,,,,,
Slc23a3,GTCACGTGGTATGATACCTC,,,,,,,
Slc23a3,CAGCGAGACTGAATAAATTA,,,,,,,
Smpd1,CTCTGTGGTGGGGCATTGCC,,,,,,,
Snrpb,TGAAGATGCGGCCGTCCTGC,,,,,,,
Snrpb,TCATGTGAGATCACTTAGCC,,,,,,,
Snrpb,ACGTAATACACAGCCAACCT,,,,,,,
Snrpb,CTTCCCGAGTACCTGTTGAA,,,,,,,
Snrpb,ACTTTAACGCCCATGCCCAG,,,,,,,
Spred3,GTGGGTGTACTGGTGGCTTG,,,,,,,
Spred3,GTTAGGGAGAACGCTCAAAC,,,,,,,
Spred3,TATTGAGCTTGAGGTTGGCC,,,,,,,
Spred3,TACTGGTGTGTCACCAGGTG,,,,,,,
Sqle,GATACCTCATTTGTTCACTG,,,,,,,
St3gal1,AGATCTAGTGTTGCTATTGC,,,,,,,
St3gal1,CCTTCATGCTTAGTAGTAGC,,,,,,,
St3gal1,CAGTACTAGGGTCACACGCC,,,,,,,
St3gal1,CCAAGTGGAATTGATATCTC,,,,,,,
Stxbp1,TGCTGAGCTCCTTCTGGTAC,,,,,,,
Tbr1,TTGGTGTCCGCTTTGCCACA,,,,,,,
Tenm1,TTCTCGACATGGCTACCAGC,,,,,,,
Thoc6,GGTCATGTGCAGTCGCTGCA,,,,,,,
Thoc6,GCTGCCAGAAACTTCCCGCA,,,,,,,
Tifa,TGTATCAGCGTCTTCAAAGG,,,,,,,
Tifa,AATATCCCACTTTGTTGGCC,,,,,,,
Tifa,GAAGAATACATCCCATCCTC,,,,,,,
Timm13,CGAGCCGAAGCCGCTGTCCA,,,,,,,
Timm13,GATCGCCGTGGCCAACGCGC,,,,,,,
Timm13,CCGCTGCAGTCGAGAGTTGT,,,,,,,
Timm13,CAGACTTCAGGGCGGCTAGG,,,,,,,
Timm8a1,GGGAGCCGATTCCGCTCGCG,,,,,,,
Timm8a1,ACGTGTCTGGGTGACGGAAC,,,,,,,
Timm8a1,TAACTGCAAACTCCGATTTT,,,,,,,
Timm8a1,ACACCTTAAGTCCCTGATAG,,,,,,,
Tldc1,GAGAAGCACGCGTCCTCCTC,,,,,,,
Tldc1,GGCCAGTTGGAGCTATGCGA,,,,,,,
Tmem160,AGTGTCCGAGCTGGATCGCG,,,,,,,
Tmem160,ACTTCTGTCATCCGGCATTG,,,,,,,
Tmem209,ATGGCTCGCTAGTAAGCTAG,,,,,,,
Tmem209,CATCTGCCACTCTAATTAAG,,,,,,,
Tmem209,GGTCACCAGCTGGTTTCAGC,,,,,,,
Tmem209,TCACACCTGGGATCCTCATG,,,,,,,
Tmem231,GCTGAAGCGGAGCAGCTACG,,,,,,,
Tmem231,AGGCTTCAGGCTCCGGCCCC,,,,,,,
Tmem231,AACCACGCACCGACACGAGC,,,,,,,
Tmem74,AGTGGACCCATGCAATGCTT,,,,,,,
Tmem74,CAAACAAGCTTCTCCCTATC,,,,,,,
Tmem74,TCTGGAACTGTCCTTGGTAG,,,,,,,
Top2a,GCCCTGCATAAGAACATGGG,,,,,,,
Top2a,GTCAGCATGTATTTTGGGTC,,,,,,,
Top2a,TTTGAGTTAGAGTGCAGTAT,,,,,,,
Top2a,ATGCCTGTGCCTGATCTGAC,,,,,,,
Trh,TCAAGAATCGACGTTCTGGC,,,,,,,
Trh,CAGATGCCCCCCAAGTCAAG,,,,,,,
Trh,GCTTTGATCTTCGTGCTAAC,,,,,,,
Trh,GGATCTATGAACCTCCGGCC,,,,,,,
Trp63,GAGAATGAGCGCCCATTGCG,,,,,,,
Tubb5,CCATGGAGGAACCTACGCGA,,,,,,,
Tubb5,CAGCCTCGTTTCAGCGTGTC,,,,,,,
Tubb5,TACGGCTATGTTCCGCCGGA,,,,,,,
Tubb5,TGCCCTCACCCGTATACCAG,,,,,,,
Tusc5,AGAATCGAAGCGTCCACAGC,,,,,,,
Tusc5,TACATCTACCCTCGTCCTGG,,,,,,,
Tusc5,TCGGGTGTTAGAGCCTTGGC,,,,,,,
Tusc5,GCCTTAGGCCCCCTCTAGAA,,,,,,,
Ube2r2,ACTTAGCACATCCGTGCAAT,,,,,,,
Ube2r2,GTATTACAAACTGGTGTGGT,,,,,,,
Ube2r2,TCTCATTCTGTTTGCGCCTG,,,,,,,
Ube2r2,TACACCTTCACCTCGAAACC,,,,,,,
Ugt1a1,CACTAACAGCCTCCCAGCGT,,,,,,,
Ugt1a1,CAACTTCGTGCCCCTTCTGC,,,,,,,
Ugt1a1,TAAAGTTCTCTGACACGGCC,,,,,,,
Ulk3,ATCAACGAGGCATCCGGATT,,,,,,,
Ulk3,TTTGAAGGGGCCGACCCCAT,,,,,,,
Ulk3,GACTTAACAGAGCGACCCCT,,,,,,,
Ulk3,GAGCTGAGCCCGGCGCCAAA,,,,,,,
Upf3b,GGAGATCACTTAGTTGGCCT,,,,,,,
Upf3b,ATGGCATTTCTTCTACTATA,,,,,,,
Upf3b,TTATTCACTGCGAACTAATA,,,,,,,
Upf3b,TATATCCCCTGAGGCTGTCA,,,,,,,
Usp29,TCCTGTTTGTGCTGCGGATC,,,,,,,
Usp29,TGATAATGTTACAGGCGTAG,,,,,,,
Usp29,GATCTGAACTCTCGAACACT,,,,,,,
Usp29,TAACGGCCTTACATACATCC,,,,,,,
Usp51,CAATGACCATATATGACAAG,,,,,,,
Usp51,GCAAGCGCGCTTAGGAGTAG,,,,,,,
Veph1,CTTCCGCTCATGCTATCAAC,,,,,,,
Veph1,TACATCGAATGTGCCCCGCC,,,,,,,
Veph1,GGGGCTGACTCAGCCGGCCC,,,,,,,
Veph1,GTACTGGTACTCACTGCGAA,,,,,,,
Veph1,TGCGAATCGCTACAGATATG,,,,,,,
Vps13b,CTTAAGCTCCTGAATAGTAC,,,,,,,
Vps13b,CCACTTACTGTGATTATGCT,,,,,,,
Vps33a,GCCGTTGTTTCTGCATCCGC,,,,,,,
Vps33a,AATTACTTACCGATCTGAGA,,,,,,,
Vps33a,TTTGTGGTTTAAAAGACGTT,,,,,,,
Vps33a,CGGGTCATTAGGTTTGGCGT,,,,,,,
Wdr5,TATTGCCCCTCTGCAGTGAA,,,,,,,
Wdr5,CTGTACAGTCACCCAAAGGA,,,,,,,
Wdr5,GAGGGGTGTCCTTCCTTGAA,,,,,,,
Wdr5,GTGAGTGAGGTGAGATCCTA,,,,,,,
Wdr62,CTATCTTACGTGACAGAATG,,,,,,,
Wdr62,TAGCATCGCCTCTAACCGCA,,,,,,,
Wdr62,GCCCCTCCCAGTTGAAGTCC,,,,,,,
Wdr62,CCGAAGTCATAGTAGCTACC,,,,,,,
Wrap73,TCGGAGTCATTCAAGCTCTC,,,,,,,
Ypel2,AGGCTCGCCCTTGACTTCCC,,,,,,,
Zc3h12b,AGCAAGTTGTATTCCCCTGC,,,,,,,
Zc3h12b,CGCCCCGATGCACCAATTAC,,,,,,,
Zc3h12b,CTCGGACCATGGCGTCCAAG,,,,,,,
Zfp503,GCACCCCACTCCGTATCCTT,,,,,,,
Zfp503,CTTTTCGCGGGCTGTTACGA,,,,,,,
Zfp503,TGGTCAGTCTCTGTCCGTAG,,,,,,,
Zfp503,GCGAGGTTCCTGACACCCGC,,,,,,,
Ncoa7,TCTACTTCTGGGGCTTCATCT,,,,,,,
